use guest;

INSERT INTO BANDA (BandaId, Nome, Nacionalidade,NdeIntegrantes) VALUES (1,"Iron Maiden","Inglaterra",6),(2,"Dream Theater","Estados Unidos",5),(3,"Gojira","França",4),(4,"Sepultura","Brasil",4),(5,"Bullet for My Valentine","Inglaterra",4),(6,"Living Colour","Estados Unidos",4),(7,"Metal Allegiance","Estados Unidos",4),(8,"Black Pantera","Brasil",3),(9,"Racionais","Brasil",4),(10,"Guns N' Roses","Estados Unidos",7),(11,"Maneskin","Itália",4),(12,"The Offspring","Estados Unidos",3),(13,"CPM 22","Brasil",5),(14,"Green Day","Estados Unidos",3),(15,"Fall Out Boy","Estados Unidos",4),(16,"Capital Inicial","Brasil",4),(17,"Coldplay","Inglaterra",4),(18,"Bastille","Inglaterra",5),(19,"Bala Desejo","Brasil",4);

INSERT INTO CANTOR (CantId, Nome, Nacionalidade) VALUES (1,"Steve Harris","Inglaterra"),(2,"Dave Murray","Inglaterra"),(3,"Adrian Smith","Inglaterra"),(4,"Bruce Dickinson","Inglaterra"),(5,"Nicko McBrain","Inglaterra"),(6,"Janick Gers","Inglaterra"),(7,"John Petrucci","Estados Unidos"),(8,"John Myung","Estados Unidos"),(9,"James LaBrie","Canadá"),(10,"Jordan Rudess","Estados Unidos"),(11,"Mike Mangini","Estados Unidos"),(12,"Joe Duplantier","França"),(13,"Mario Duplantier","França"),(14,"Christian Andreu","França"),(15,"Jean-Michel Labadie","França"),(16,"Paulo Jr.","Brasil"),(17,"Andreas Kisser","Brasil"),(18,"Derrick Green","Estados Unidos"),(19,"Eloy Casagrande","Brasil"),(20,"Matt Tuck","País de Gales"),(21,"Michael Paget","País de Gales"),(22,"Jason Bowld","País de Gales"),(23,"Jamie Mathias","País de Gales"),(24,"Vernon Reid","Estados Unidos"),(25,"Corey Glover","Estados Unidos"),(26,"William Calhoun","Estados Unidos"),(27,"Doug Wimbish","Estados Unidos"),(28,"Mark Menghi","Estados Unidos"),(29,"David Ellefson","Estados Unidos"),(30,"Alex Skolnick","Estados Unidos"),(31,"Mike Portnoy","Estados Unidos"),(32,"Charles Gama","Brasil"),(33,"Chaene da Gama","Brasil"),(34,"Rodrigo Augusto","Brasil"),(35,"Post Malone","Estados Unidos"),(36,"Marshmello","Estados Unidos"),(37,"Jason Derulo","Estados Unidos"),(38,"Alok","Brasil"),(39,"Mano Brown","Brasil"),(40,"Ice Blue","Brasil"),(41,"Edi Rock","Brasil"),(42,"KL Jay","Brasil"),(43,"Criolo","Brasil"),(44,"Mayra Andrade","Cabo Verde"),(45,"Xamã","Brasil"),(46,"Papatinho","Brasil"),(47,"L7NNON","Brasil"),(48,"MC Hariel","Brasil"),(49,"MC Carol","Brasil"),(50,"Justin Bieber ","Canadá"),(51,"Demi Lovato","Estados Unidos"),(52,"IZA","Brasil"),(53,"Jota Quest ","Brasil"),(54,"Gilberto Gil","Brasil"),(55,"Emicida","Brasil"),(56,"Drik Barbosa","Brasil"),(57,"Rael","Brasil"),(58,"Priscilla Alcantara","Brasil"),(59,"Luísa Sonza","Brasil"),(60,"Marina Sena","Brasil"),(61,"Matuê","Brasil"),(62,"Axl Rose","Estados Unidos"),(63,"Slash","Estados Unidos"),(64,"Duff McKagan","Estados Unidos"),(65,"Richard Fortus","Estados Unidos"),(66,"Frank Ferrer","Estados Unidos"),(67,"Dizzy Reed","Estados Unidos"),(68,"Melissa Reese","Estados Unidos"),(69,"Damiano David","Itália"),(70,"Victoria De Angelis","Itália"),(71,"Thomas Raggi","Itália"),(72,"Ethan Torchio","Itália"),(73,"Dexter Holland","Estados Unidos"),(74,"Noodles","Estados Unidos"),(75,"Todd Morse","Estados Unidos"),(76,"Badauí","Brasil"),(77,"Luciano Garcia","Brasil"),(78,"Phil Fargnoli","Brasil"),(79,"Ali Zaher","Brasil"),(80,"Daniel Siqueira","Brasil"),(81,"Jessie J","Inglaterra"),(82,"Corinne Bailey Rae","Inglaterra"),(83,"Gloria Groove","Brasil"),(84,"Duda Beat","Brasil"),(85,"Billie Joe Armstrong","Estados Unidos"),(86,"Mike Dirnt","Estados Unidos"),(87,"Tré Cool","Estados Unidos"),(88,"Patrick Stump","Estados Unidos"),(89,"Pete Wentz","Estados Unidos"),(90,"Joe Trohman","Estados Unidos"),(91,"Andy Hurley","Estados Unidos"),(92,"Billy Idol","Inglaterra"),(93,"Dinho Ouro Preto","Brasil"),(94,"Fê Lemos","Brasil"),(95,"Flávio Lemos","Brasil"),(96,"Yves Passarell","Brasil"),(97,"Avril Lavigne","Canadá"),(98,"Jão","Brasil"),(99,"Di Ferrero","Brasil"),(100,"Vitor Kley","Brasil"),(101,"Chris Martin","Inglaterra"),(102,"Jonny Buckland","Inglaterra"),(103,"Guy Berryman","Inglaterra"),(104,"Will Champion","Inglaterra"),(105,"Camila Cabello","Cuba"),(106,"Dan Smith","Inglaterra"),(107,"Chris Wood","Inglaterra"),(108,"Kyle Simmons","Inglaterra"),(109,"Will Farquarson","Inglaterra"),(110,"Charlie Barnes","Inglaterra"),(111,"Djavan","Brasil"),(112,"CeeLo Green","Estados Unidos"),(113,"Maria Rita","Brasil"),(114,"Gilsons","Brasil"),(115,"Jorge Aragão","Brasil"),(116,"Dora Morelenbaum","Brasil"),(117,"Julia Mestre","Brasil"),(118,"Lucas Nunes","Brasil"),(119,"Zé Ibarra","Brasil"),(120,"Dua Lipa","Inglaterra"),(121,"Megan Thee Stallion","Estados Unidos"),(122,"Rita Ora","Kosovo"),(123,"Ivete Sangalo","Brasil"),(124,"Ludmilla","Brasil"),(125,"Macy Gray","Estados Unidos"),(126,"Elza Soares","Brasil"),(127,"Liniker","Brasil"),(128,"Luedji Luna","Brasil");

INSERT INTO MUSICA (MusicaId, Nome) VALUES (1,"Senjutsu"),(2,"Stratego"),(3,"The Writing on the Wall"),(4,"Revelations"),(5,"Blood Brothers"),(6,"The Alien"),(7,"6:00"),(8,"Endless Sacrifice"),(9,"Bridges in the Sky"),(10,"Invisible Monster"),(11,"Born for One Thing"),(12,"Backbone"),(13,"Stranded"),(14,"Flying Whales"),(15,"The Cell"),(16,"The Rite of Spring: Part 1, Adoration of the Earth: Introduction"),(17,"The Rite of Spring: Part 1, Adoration of the Earth: The Augurs of Spring - Dances of the Young Girls"),(18,"Roots Bloody Roots"),(19,"Kairos"),(20,"Machine Messiah"),(21,"Your Betrayal"),(22,"Waking the Demon"),(23,"Piece of Me"),(24,"Knives"),(25,"4 Words (to Choke Upon)"),(26,"Middle Man"),(27,"Desperate People"),(28,"Ignorance Is Bliss"),(29,"Wall"),(30,"This Little Pig"),(31,"The Accuser"),(32,"Bound By Silence"),(33,"Can't Kill the Devil"),(34,"Gift of Pain"),(35,"Dying Song"),(36,"Padrão é o caralho"),(37,"Mosha"),(38,"Godzila"),(39,"Taca o foda-se"),(40,"Fogo nos racistas"),(41,"Wow"),(42,"Wrapped Around Your Finger"),(43,"Better Now"),(44,"Saint-Tropez"),(45,"Cooped Up"),(46,"Numb"),(47,"Happier"),(48,"Silence"),(49,"Bye Bye"),(50,"Wolves"),(51,"Whatcha Say"),(52,"Wiggle"),(53,"Take You Dancing"),(54,"Savage Love"),(55,"In My Head"),(56,"Fuego / Sad Boy / Always Feel Like"),(57,"Tremor / It Don't Matter"),(58,"Kernkraft 400 / OneLife / One"),(59,"Sometimes / Move Your Body"),(60,"Gimme Gimme / Set Fire to the Rain / Don't Keep Me Waiting"),(61,"Eu Sou 157"),(62,"Capítulo 4, versículo 3"),(63,"Preto Zica"),(64,"Cores & valores"),(65,"Mil faces de um homem leal (Marighella)"),(66,"Subirusdoistiozin"),(67,"Pretos Ganhando Dinheiro Incomoda Demais "),(68,"Esquiva da Esgrima"),(69,"Convoque Seu Buda"),(70,"Sistema obtuso"),(71,"Era uma vez"),(72,"Deixa De Onda"),(73,"Malvadão 3"),(74,"Luxúria"),(75,"Deixe-me ir"),(76,"Que Rabão"),(77,"Onda Diferente / Tu Tá Na Gaiola"),(78,"O Baile é Nosso / Rap da Felicidade / Rap do Borel / Rap do Silva / Rap das Armas"),(79,"Freio da Blazer"),(80,"HB20"),(81,"Somebody"),(82,"Hold On"),(83,"Deserve You"),(84,"Holy"),(85,"What Do You Mean?"),(86,"HOLY FVCK"),(87,"FREAK"),(88,"SUBSTANCE"),(89,"EAT ME"),(90,"Confident"),(91,"Pesadão"),(92,"Gueto"),(93,"Ginga"),(94,"Meu talismã"),(95,"Sem filtro"),(96,"Além do horizonte"),(97,"Na moral"),(98,"O sol"),(99,"Mais uma vez"),(100,"Amor maior"),(101,"Palco"),(102,"Barato total"),(103,"Não chore mais (No Woman, No Cry)"),(104,"Estrela"),(105,"Drão"),(106,"Triunfo"),(107,"Pantera negra"),(108,"Hoje cedo"),(109,"Você Aprendeu a Amar?"),(110,"Todos os olhos em nóiz"),(111,"INTERE$$EIRA"),(112,"VIP *-*"),(113,"Toma"),(114,"Boa menina"),(115,"MULHER DO ANO XD"),(116,"Máquina do tempo"),(117,"Cogulândia"),(118,"Banco"),(119,"Antes"),(120,"Gorilla roxo"),(121,"It's So Easy"),(122,"Mr. Brownstone"),(123,"Chinese Democracy"),(124,"Slither"),(125,"Welcome to the Jungle"),(126,"ZITTI E BUONI"),(127,"IN NOME DEL PADRE"),(128,"MAMMAMIA"),(129,"Beggin'"),(130,"CORALINE"),(131,"Staring at the Sun"),(132,"Come Out and Play"),(133,"Want You Bad"),(134,"The Opioid Diaries"),(135,"Behind Your Walls"),(136,"O mundo dá voltas"),(137,"Não sei viver sem ter você"),(138,"Escravos"),(139,"Por enquanto"),(140,"Desconfio"),(141,"Do It Like a Dude"),(142,"Masterpiece "),(143,"Burnin' Up / Sex Machine"),(144,"Nobody's Perfect"),(145,"Who You Are"),(146,"Been to the Moon"),(147,"Closer"),(148,"Breathless"),(149,"Till It Happens to You"),(150,"Is This Love"),(151,"A QUEDA"),(152,"LEILÃO"),(153,"A CAMINHADA"),(154,"Máscara"),(155,"Coisa boa"),(156,"Tu e eu"),(157,"Chega"),(158,"Parece pouco"),(159,"Pro mundo ouvir"),(160,"Nem um pouquinho"),(161,"American Idiot"),(162,"Holiday"),(163,"Know Your Enemy"),(164,"Boulevard of Broken Dreams"),(165,"Longview"),(166,"The Phoenix"),(167,"Sugar, We're Goin Down"),(168,"Irresistible"),(169,"Uma Thurman"),(170,"Hum Hallelujah"),(171,"Dancing With Myself"),(172,"Cradle of Love"),(173,"Flesh for Fantasy"),(174,"Cage"),(175,"White Wedding"),(176,"Quatro vezes você"),(177,"Independência"),(178,"Veraneio vascaína"),(179,"Música urbana"),(180,"O passageiro (The Passenger)"),(181,"Girlfriend"),(182,"Bite Me"),(183,"What the Hell"),(184,"Complicated"),(185,"My Happy Ending"),(186,"Santo"),(187,"Vou morrer sozinho"),(188,"A rua"),(189,"Me beija com raiva"),(190,"Não te amo"),(191,"Além de Mim"),(192,"Morena"),(193,"Intensamente"),(194,"O Amor Machuca Demais"),(195,"Um Brinde"),(196,"Higher Power"),(197,"Adventure of a Lifetime"),(198,"Paradise"),(199,"Viva la Vida"),(200,"The Scientist"),(201,"Señorita"),(202,"She Loves Control"),(203,"Liar"),(204,"Hasta los dientes"),(205,"Bad Kind of Butterflies"),(206,"Distorted Light Beam"),(207,"Things We Lost in the Fire"),(208,"Good Grief"),(209,"survivin'"),(210,"Quarter Past Midnight"),(211,"Sina"),(212,"Acelerou"),(213,"Eu te devoro"),(214,"Azul"),(215,"Açaí"),(216,"Superbad"),(217,"Bright Lights Bigger City"),(218,"Superbad / Thriller"),(219,"Muthafucka"),(220,"Sexy MF / ICU Baby"),(221,"Sorriso Aberto"),(222,"Bola Pra Frente"),(223,"Num Corpo Só"),(224,"Cara Valente"),(225,"Reza"),(226,"Pra gente acordar"),(227,"Algum ritmo"),(228,"Vento alecrim"),(229,"Índia"),(230,"Devagarinho"),(231,"Embala pra viagem"),(232,"Lua comanche"),(233,"Dourado dourado"),(234,"São João, Xangô Menino"),(235,"Muito só"),(236,"Physical"),(237,"New Rules"),(238,"Love Again"),(239,"Cool"),(240,"Pretty Please"),(241,"Realer"),(242,"NDA"),(243,"Megan’s Piano"),(244,"Freak Nasty"),(245,"Simon Says"),(246,"Ritual"),(247,"Body on Me"),(248,"Big"),(249,"I Will Never Let You Down"),(250,"How to Be Lonely"),(251,"Tempo de alegria"),(252,"Abalou"),(253,"Sorte grande"),(254,"Festa"),(255,"Acelera aê (Noite do bem)"),(256,"Favela chegou"),(257,"Verdinha"),(258,"Rainha da favela"),(259,"Socadona"),(260,"Invocada"),(261,"Every Night"),(262,"Why Didn't You Call Me"),(263,"Relating to a Psychopath"),(264,"Take Me With You"),(265,"Still"),(266,"Comigo"),(267,"A carne"),(268,"Volta por Cima"),(269,"O morro"),(270,"Lata d'água"),(271,"Antes de tudo"),(272,"Lili"),(273,"Presente"),(274,"Psiu"),(275,"Goteira");

INSERT INTO PALCO (PalcoId, Nome) VALUES (1,"Palco Mundo"),(2,"Palco Sunset");

INSERT INTO ESPETACULO (EspetaculoId, Palco, Data) VALUES (1,1,20220902),(2,1,20220902),(3,1,20220902),(4,1,20220902),(5,2,20220902),(6,2,20220902),(7,2,20220902),(8,2,20220902),(9,1,20220903),(10,1,20220903),(11,1,20220903),(12,1,20220903),(13,2,20220903),(14,2,20220903),(15,2,20220903),(16,2,20220903),(17,1,20220904),(18,1,20220904),(19,1,20220904),(20,1,20220904),(21,2,20220904),(22,2,20220904),(23,2,20220904),(24,2,20220904),(25,1,20220908),(26,1,20220908),(27,1,20220908),(28,1,20220908),(29,2,20220908),(30,2,20220908),(31,2,20220908),(32,2,20220908),(33,1,20220909),(34,1,20220909),(35,1,20220909),(36,1,20220909),(37,2,20220909),(38,2,20220909),(39,2,20220909),(40,1,20220910),(41,1,20220910),(42,1,20220910),(43,1,20220910),(44,2,20220910),(45,2,20220910),(46,2,20220910),(47,2,20220910),(48,1,20220911),(49,1,20220911),(50,1,20220911),(51,1,20220911),(52,2,20220911),(53,2,20220911),(54,2,20220911),(55,2,20220911);

INSERT INTO CANTOR_BANDA (BandaId,CantId) VALUES (1,1),(1,2),(1,3),(1,4),(1,5),(1,6),(2,7),(2,8),(2,9),(2,10),(2,11),(3,12),(3,13),(3,14),(3,15),(4,16),(4,17),(4,18),(4,19),(5,20),(5,21),(5,22),(5,23),(6,24),(6,25),(6,26),(6,27),(7,28),(7,29),(7,30),(7,31),(8,32),(8,33),(8,34),(9,39),(9,40),(9,41),(9,42),(10,62),(10,63),(10,64),(10,65),(10,66),(10,67),(10,68),(11,69),(11,70),(11,71),(11,72),(12,73),(12,74),(12,75),(13,76),(13,77),(13,78),(13,79),(13,80),(14,85),(14,86),(14,87),(15,88),(15,89),(15,90),(15,91),(16,93),(16,94),(16,95),(16,96),(17,101),(17,102),(17,103),(17,104),(18,106),(18,107),(18,108),(18,109),(18,110),(19,116),(19,117),(19,118),(19,119);

INSERT INTO ESPETACULO_CANTOR (EspetaculoId,CantId) VALUES (1,1),(1,2),(1,3),(1,4),(1,5),(1,6),(2,7),(2,8),(2,9),(2,10),(2,11),(3,12),(3,13),(3,14),(3,15),(4,16),(4,17),(4,18),(4,19),(5,20),(5,21),(5,22),(5,23),(6,24),(6,25),(6,26),(6,27),(7,28),(7,29),(7,30),(7,31),(8,32),(8,33),(8,34),(9,35),(10,36),(11,37),(12,38),(13,39),(13,40),(13,41),(13,42),(14,43),(14,44),(15,45),(16,46),(16,47),(16,48),(16,49),(17,50),(18,51),(19,52),(20,53),(21,54),(22,55),(22,56),(22,57),(22,58),(23,59),(23,60),(24,61),(25,62),(25,63),(25,64),(25,65),(25,66),(25,67),(25,68),(26,69),(26,70),(26,71),(26,72),(27,73),(27,74),(27,75),(28,76),(28,77),(28,78),(28,79),(28,80),(29,81),(30,82),(31,83),(32,84),(33,85),(33,86),(33,87),(34,88),(34,89),(34,90),(34,91),(35,92),(36,93),(36,94),(36,95),(36,96),(37,97),(38,98),(39,99),(39,100),(40,101),(40,102),(40,103),(40,104),(41,105),(42,106),(42,107),(42,108),(42,109),(42,110),(43,111),(44,112),(45,113),(46,114),(46,115),(47,116),(47,117),(47,118),(47,119),(48,120),(49,121),(50,122),(51,123),(52,124),(53,125),(54,126),(55,127),(55,128);

INSERT INTO ESPETACULO_MUSICA (EspetaculoId,MusicaId) VALUES (1,1),(1,2),(1,3),(1,4),(1,5),(2,6),(2,7),(2,8),(2,9),(2,10),(3,11),(3,12),(3,13),(3,14),(3,15),(4,16),(4,17),(4,18),(4,19),(4,20),(5,21),(5,22),(5,23),(5,24),(5,25),(6,26),(6,27),(6,28),(6,29),(6,30),(7,31),(7,32),(7,33),(7,34),(7,35),(8,36),(8,37),(8,38),(8,39),(8,40),(9,41),(9,42),(9,43),(9,44),(9,45),(10,46),(10,47),(10,48),(10,49),(10,50),(11,51),(11,52),(11,53),(11,54),(11,55),(12,56),(12,57),(12,58),(12,59),(12,60),(13,61),(13,62),(13,63),(13,64),(13,65),(14,66),(14,67),(14,68),(14,69),(14,70),(15,71),(15,72),(15,73),(15,74),(15,75),(16,76),(16,77),(16,78),(16,79),(16,80),(17,81),(17,82),(17,83),(17,84),(17,85),(18,86),(18,87),(18,88),(18,89),(18,90),(19,91),(19,92),(19,93),(19,94),(19,95),(20,96),(20,97),(20,98),(20,99),(20,100),(21,101),(21,102),(21,103),(21,104),(21,105),(22,106),(22,107),(22,108),(22,109),(22,110),(23,111),(23,112),(23,113),(23,114),(23,115),(24,116),(24,117),(24,118),(24,119),(24,120),(25,121),(25,122),(25,123),(25,124),(25,125),(26,126),(26,127),(26,128),(26,129),(26,130),(27,131),(27,132),(27,133),(27,134),(27,135),(28,136),(28,137),(28,138),(28,139),(28,140),(29,141),(29,142),(29,143),(29,144),(29,145),(30,146),(30,147),(30,148),(30,149),(30,150),(31,151),(31,152),(31,153),(31,154),(31,155),(32,156),(32,157),(32,158),(32,159),(32,160),(33,161),(33,162),(33,163),(33,164),(33,165),(34,166),(34,167),(34,168),(34,169),(34,170),(35,171),(35,172),(35,173),(35,174),(35,175),(36,176),(36,177),(36,178),(36,179),(36,180),(37,181),(37,182),(37,183),(37,184),(37,185),(38,186),(38,187),(38,188),(38,189),(38,190),(39,191),(39,192),(39,193),(39,194),(39,195),(40,196),(40,197),(40,198),(40,199),(40,200),(41,201),(41,202),(41,203),(41,204),(41,205),(42,206),(42,207),(42,208),(42,209),(42,210),(43,211),(43,212),(43,213),(43,214),(43,215),(44,216),(44,217),(44,218),(44,219),(44,220),(45,221),(45,222),(45,223),(45,224),(45,225),(46,226),(46,227),(46,228),(46,229),(46,230),(47,231),(47,232),(47,233),(47,234),(47,235),(48,236),(48,237),(48,238),(48,239),(48,240),(49,241),(49,242),(49,243),(49,244),(49,245),(50,246),(50,247),(50,248),(50,249),(50,250),(51,251),(51,252),(51,253),(51,254),(51,255),(52,256),(52,257),(52,258),(52,259),(52,260),(53,261),(53,262),(53,263),(53,264),(53,265),(54,266),(54,267),(54,268),(54,269),(54,270),(55,271),(55,272),(55,273),(55,274),(55,275); 